file_name,positive_percent,value
296_TMA_IHC_TumorCenter_CD3_0.png,5.945,6.4756274
296_TMA_IHC_TumorCenter_CD3_1.png,,1.6024777
296_TMA_IHC_TumorCenter_CD8_0.png,1.044,1.2888412
296_TMA_IHC_TumorCenter_CD8_1.png,0.7938,3.571513
296_TMA_IHC_TumorCenter_CD56_0.png,18.76,11.070098
296_TMA_IHC_TumorCenter_CD56_1.png,0.0994,1.8174895
296_TMA_IHC_TumorCenter_CD68_0.png,11.63,10.313174
296_TMA_IHC_TumorCenter_CD68_1.png,8.545,12.489892
296_TMA_IHC_TumorCenter_CD163_0.png,10.52,7.30567
296_TMA_IHC_TumorCenter_CD163_1.png,7.271,8.683038
296_TMA_IHC_TumorCenter_MHC1_0.png,0.3106,0.0048362296
296_TMA_IHC_TumorCenter_MHC1_1.png,0.784,2.3444574
296_TMA_IHC_TumorCenter_PDL1_0.png,3.939,7.1948743
296_TMA_IHC_TumorCenter_PDL1_1.png,0.5997,3.7494724
296_TMA_IHC_InvasionFront_CD3_0.png,2.866,5.219382
296_TMA_IHC_InvasionFront_CD3_1.png,2.942,3.8953414
296_TMA_IHC_InvasionFront_CD8_0.png,8.654,7.4241533
296_TMA_IHC_InvasionFront_CD8_1.png,3.714,3.514528
296_TMA_IHC_InvasionFront_CD56_0.png,0.5637,0.7818119
296_TMA_IHC_InvasionFront_CD56_1.png,2.836,1.4412478
296_TMA_IHC_InvasionFront_CD68_0.png,16.38,16.16607
296_TMA_IHC_InvasionFront_CD68_1.png,11.16,11.8221245
296_TMA_IHC_InvasionFront_CD163_0.png,25.82,18.758816
296_TMA_IHC_InvasionFront_CD163_1.png,17.96,11.861079
296_TMA_IHC_InvasionFront_MHC1_0.png,0.737,1.0667698
296_TMA_IHC_InvasionFront_MHC1_1.png,1.675,1.2028526
296_TMA_IHC_InvasionFront_PDL1_0.png,4.843,3.5506124
296_TMA_IHC_InvasionFront_PDL1_1.png,12.24,8.621661
346_TMA_IHC_TumorCenter_CD3_0.png,10.83,10.518739
346_TMA_IHC_TumorCenter_CD3_1.png,11.89,12.662372
346_TMA_IHC_TumorCenter_CD8_0.png,3.773,3.8387616
346_TMA_IHC_TumorCenter_CD8_1.png,5.453,6.1041026
346_TMA_IHC_TumorCenter_CD56_0.png,0.5301,0.80359244
346_TMA_IHC_TumorCenter_CD56_1.png,2.347,2.4390914
346_TMA_IHC_TumorCenter_CD68_0.png,9.701,9.15219
346_TMA_IHC_TumorCenter_CD68_1.png,19.17,16.598755
346_TMA_IHC_TumorCenter_CD163_0.png,8.137,4.9762254
346_TMA_IHC_TumorCenter_CD163_1.png,15.79,10.968963
346_TMA_IHC_TumorCenter_MHC1_0.png,0.1239,2.1007345
346_TMA_IHC_TumorCenter_MHC1_1.png,2.165,7.1217637
346_TMA_IHC_TumorCenter_PDL1_0.png,1.539,3.7269952
346_TMA_IHC_TumorCenter_PDL1_1.png,5.751,9.377805
346_TMA_IHC_InvasionFront_CD3_0.png,11.85,10.442299
346_TMA_IHC_InvasionFront_CD3_1.png,8.889,9.115748
346_TMA_IHC_InvasionFront_CD8_0.png,10.19,8.149162
346_TMA_IHC_InvasionFront_CD8_1.png,4.477,4.394908
346_TMA_IHC_InvasionFront_CD56_0.png,1.198,1.3376223
346_TMA_IHC_InvasionFront_CD56_1.png,0.5594,0.17550984
346_TMA_IHC_InvasionFront_CD68_0.png,13.67,14.462892
346_TMA_IHC_InvasionFront_CD68_1.png,9.564,12.45162
346_TMA_IHC_InvasionFront_CD163_0.png,22.95,19.37325
346_TMA_IHC_InvasionFront_CD163_1.png,24.01,17.917788
346_TMA_IHC_InvasionFront_MHC1_0.png,21.07,16.458202
346_TMA_IHC_InvasionFront_MHC1_1.png,24.5,11.136872
346_TMA_IHC_InvasionFront_PDL1_0.png,6.89,5.788774
346_TMA_IHC_InvasionFront_PDL1_1.png,8.08,3.351011
530_TMA_IHC_TumorCenter_CD3_0.png,7.795,7.6741624
530_TMA_IHC_TumorCenter_CD3_1.png,9.596,10.752492
530_TMA_IHC_TumorCenter_CD8_0.png,5.191,6.0441294
530_TMA_IHC_TumorCenter_CD8_1.png,9.14,9.367831
530_TMA_IHC_TumorCenter_CD56_0.png,0.5901,0.4528999
530_TMA_IHC_TumorCenter_CD56_1.png,0.1876,0.5575888
530_TMA_IHC_TumorCenter_CD68_0.png,7.723,5.1674733
530_TMA_IHC_TumorCenter_CD68_1.png,14.46,12.848288
530_TMA_IHC_TumorCenter_CD163_0.png,4.621,2.5850446
530_TMA_IHC_TumorCenter_CD163_1.png,9.232,4.894262
530_TMA_IHC_TumorCenter_MHC1_0.png,1.185,1.2935568
530_TMA_IHC_TumorCenter_MHC1_1.png,1.103,2.2951722
530_TMA_IHC_TumorCenter_PDL1_0.png,0.5077,0.6880246
530_TMA_IHC_TumorCenter_PDL1_1.png,1.281,0.703019
530_TMA_IHC_InvasionFront_CD3_0.png,3.739,4.5517344
530_TMA_IHC_InvasionFront_CD3_1.png,2.409,2.3964083
530_TMA_IHC_InvasionFront_CD8_0.png,9.164,10.340979
530_TMA_IHC_InvasionFront_CD8_1.png,7.995,5.5587544
530_TMA_IHC_InvasionFront_CD56_0.png,0.3175,0.09720729
530_TMA_IHC_InvasionFront_CD56_1.png,0.2797,0.133567
530_TMA_IHC_InvasionFront_CD68_0.png,4.253,3.7457364
530_TMA_IHC_InvasionFront_CD68_1.png,4.85,4.4517417
530_TMA_IHC_InvasionFront_CD163_0.png,1.668,0.9060963
530_TMA_IHC_InvasionFront_CD163_1.png,2.366,1.8374788
530_TMA_IHC_InvasionFront_MHC1_0.png,6.459,4.7240005
530_TMA_IHC_InvasionFront_MHC1_1.png,8.125,6.442707
530_TMA_IHC_InvasionFront_PDL1_0.png,1.395,4.057298
530_TMA_IHC_InvasionFront_PDL1_1.png,1.201,2.5409806
120_TMA_IHC_TumorCenter_CD3_0.png,17.17,14.412775
120_TMA_IHC_TumorCenter_CD3_1.png,,18.390652
120_TMA_IHC_TumorCenter_CD8_0.png,7.092,7.9659553
120_TMA_IHC_TumorCenter_CD8_1.png,7.183,7.6402483
120_TMA_IHC_TumorCenter_CD56_0.png,1.252,0.78372264
120_TMA_IHC_TumorCenter_CD56_1.png,1.196,0.9697204
120_TMA_IHC_TumorCenter_CD68_0.png,8.457,4.956364
120_TMA_IHC_TumorCenter_CD68_1.png,13.5,12.3698435
120_TMA_IHC_TumorCenter_CD163_0.png,11.08,5.9809594
120_TMA_IHC_TumorCenter_CD163_1.png,14.03,10.6364
120_TMA_IHC_TumorCenter_MHC1_0.png,4.577,2.5632918
120_TMA_IHC_TumorCenter_MHC1_1.png,2.146,0.8345354
120_TMA_IHC_TumorCenter_PDL1_0.png,3.219,2.640971
120_TMA_IHC_TumorCenter_PDL1_1.png,2.318,2.4436646
120_TMA_IHC_InvasionFront_CD3_0.png,10.01,14.939727
120_TMA_IHC_InvasionFront_CD3_1.png,13.45,12.064445
120_TMA_IHC_InvasionFront_CD8_0.png,25.54,24.631702
120_TMA_IHC_InvasionFront_CD8_1.png,23.82,19.746166
120_TMA_IHC_InvasionFront_CD56_0.png,3.468,2.3254454
120_TMA_IHC_InvasionFront_CD56_1.png,2.463,1.1743609
120_TMA_IHC_InvasionFront_CD68_0.png,12.94,11.011872
120_TMA_IHC_InvasionFront_CD68_1.png,9.891,8.884927
120_TMA_IHC_InvasionFront_CD163_0.png,14.65,10.086837
120_TMA_IHC_InvasionFront_CD163_1.png,13.24,9.917001
120_TMA_IHC_InvasionFront_MHC1_0.png,7.249,8.734833
120_TMA_IHC_InvasionFront_MHC1_1.png,16.86,8.586333
120_TMA_IHC_InvasionFront_PDL1_0.png,16.76,13.200366
120_TMA_IHC_InvasionFront_PDL1_1.png,12.56,9.476838
357_TMA_IHC_TumorCenter_CD3_0.png,5.641,4.8399944
357_TMA_IHC_TumorCenter_CD3_1.png,14.18,9.81294
357_TMA_IHC_TumorCenter_CD8_0.png,1.901,3.0849268
357_TMA_IHC_TumorCenter_CD8_1.png,4.713,4.60205
357_TMA_IHC_TumorCenter_CD56_0.png,1.295,2.8573782
357_TMA_IHC_TumorCenter_CD56_1.png,1.952,2.6301959
357_TMA_IHC_TumorCenter_CD68_0.png,14.52,15.756419
357_TMA_IHC_TumorCenter_CD68_1.png,16.36,15.012493
357_TMA_IHC_TumorCenter_CD163_0.png,14.86,19.2501
357_TMA_IHC_TumorCenter_CD163_1.png,10.21,8.70785
357_TMA_IHC_TumorCenter_MHC1_0.png,0.3148,1.9702839
357_TMA_IHC_TumorCenter_MHC1_1.png,3.55,3.894563
357_TMA_IHC_TumorCenter_PDL1_0.png,0.2734,1.912118
357_TMA_IHC_TumorCenter_PDL1_1.png,3.91,5.380433
357_TMA_IHC_InvasionFront_CD3_0.png,1.922,2.5331209
357_TMA_IHC_InvasionFront_CD3_1.png,1.026,2.3008847
357_TMA_IHC_InvasionFront_CD8_0.png,4.104,2.996188
357_TMA_IHC_InvasionFront_CD8_1.png,1.526,1.7473682
357_TMA_IHC_InvasionFront_CD56_0.png,0.2979,0.445463
357_TMA_IHC_InvasionFront_CD56_1.png,0.4426,0.36445916
357_TMA_IHC_InvasionFront_CD68_0.png,6.436,5.7490287
357_TMA_IHC_InvasionFront_CD68_1.png,7.327,8.347461
357_TMA_IHC_InvasionFront_CD163_0.png,4.868,3.2360482
357_TMA_IHC_InvasionFront_CD163_1.png,5.229,4.5304523
357_TMA_IHC_InvasionFront_MHC1_0.png,4.355,9.046878
357_TMA_IHC_InvasionFront_MHC1_1.png,6.583,7.444207
357_TMA_IHC_InvasionFront_PDL1_0.png,13.7,18.878115
357_TMA_IHC_InvasionFront_PDL1_1.png,16.6,15.954865
342_TMA_IHC_TumorCenter_CD3_0.png,2.608,4.1265187
342_TMA_IHC_TumorCenter_CD3_1.png,6.077,6.834863
342_TMA_IHC_TumorCenter_CD8_0.png,2.68,3.4168718
342_TMA_IHC_TumorCenter_CD8_1.png,3.529,3.871029
342_TMA_IHC_TumorCenter_CD56_0.png,1.292,1.6475252
342_TMA_IHC_TumorCenter_CD56_1.png,0.6607,1.3222939
342_TMA_IHC_TumorCenter_CD68_0.png,5.895,6.963147
342_TMA_IHC_TumorCenter_CD68_1.png,2.733,4.432483
342_TMA_IHC_TumorCenter_CD163_0.png,1.485,2.546049
342_TMA_IHC_TumorCenter_CD163_1.png,1.225,1.3788635
342_TMA_IHC_TumorCenter_MHC1_0.png,0.6387,0.39700374
342_TMA_IHC_TumorCenter_MHC1_1.png,0.8497,0.43211225
342_TMA_IHC_TumorCenter_PDL1_0.png,5.604,8.6346245
342_TMA_IHC_TumorCenter_PDL1_1.png,6.283,9.267642
342_TMA_IHC_InvasionFront_CD3_0.png,1.305,2.355685
342_TMA_IHC_InvasionFront_CD3_1.png,2.385,3.563595
342_TMA_IHC_InvasionFront_CD8_0.png,2.749,3.827932
342_TMA_IHC_InvasionFront_CD8_1.png,4.693,4.799151
342_TMA_IHC_InvasionFront_CD56_0.png,4.077,3.2415152
342_TMA_IHC_InvasionFront_CD56_1.png,1.746,1.7286222
342_TMA_IHC_InvasionFront_CD68_0.png,2.971,6.2924676
342_TMA_IHC_InvasionFront_CD68_1.png,3.109,4.557158
342_TMA_IHC_InvasionFront_CD163_0.png,3.097,4.3133845
342_TMA_IHC_InvasionFront_CD163_1.png,0.469,0.9546677
342_TMA_IHC_InvasionFront_MHC1_0.png,0.2468,0.57658774
342_TMA_IHC_InvasionFront_MHC1_1.png,3.444,0.5940246
342_TMA_IHC_InvasionFront_PDL1_0.png,0.2348,4.381406
342_TMA_IHC_InvasionFront_PDL1_1.png,3.282,5.4097714
741_TMA_IHC_TumorCenter_CD3_0.png,2.153,2.810467
741_TMA_IHC_TumorCenter_CD3_1.png,3.066,4.1600394
741_TMA_IHC_TumorCenter_CD8_0.png,1.054,1.4009212
741_TMA_IHC_TumorCenter_CD8_1.png,1.19,1.3327924
741_TMA_IHC_TumorCenter_CD56_0.png,0.0498,0.46077928
741_TMA_IHC_TumorCenter_CD56_1.png,0.2259,0.37123352
741_TMA_IHC_TumorCenter_CD68_0.png,3.771,3.9923918
741_TMA_IHC_TumorCenter_CD68_1.png,5.522,4.8021894
741_TMA_IHC_TumorCenter_CD163_0.png,4.275,4.2871556
741_TMA_IHC_TumorCenter_CD163_1.png,8.448,5.802347
741_TMA_IHC_TumorCenter_MHC1_0.png,2.847,9.529502
741_TMA_IHC_TumorCenter_MHC1_1.png,3.457,7.4956536
741_TMA_IHC_TumorCenter_PDL1_0.png,0.0957,1.1358594
741_TMA_IHC_TumorCenter_PDL1_1.png,0.3393,0.9191925
741_TMA_IHC_InvasionFront_CD3_0.png,3.039,2.9069881
741_TMA_IHC_InvasionFront_CD3_1.png,2.64,3.0878747
741_TMA_IHC_InvasionFront_CD8_0.png,2.734,1.9065751
741_TMA_IHC_InvasionFront_CD8_1.png,1.613,1.7232567
741_TMA_IHC_InvasionFront_CD56_0.png,0.4249,0.33335945
741_TMA_IHC_InvasionFront_CD56_1.png,0.3101,0.21018165
741_TMA_IHC_InvasionFront_CD68_0.png,5.275,4.1081166
741_TMA_IHC_InvasionFront_CD68_1.png,5.083,5.142611
741_TMA_IHC_InvasionFront_CD163_0.png,6.477,4.6455607
741_TMA_IHC_InvasionFront_CD163_1.png,6.436,4.560019
741_TMA_IHC_InvasionFront_MHC1_0.png,10.58,11.675942
741_TMA_IHC_InvasionFront_MHC1_1.png,7.432,15.519269
741_TMA_IHC_InvasionFront_PDL1_0.png,2.252,3.0809622
741_TMA_IHC_InvasionFront_PDL1_1.png,2.232,3.3062289
476_TMA_IHC_TumorCenter_CD3_0.png,15.18,14.572776
476_TMA_IHC_TumorCenter_CD3_1.png,23.77,20.930525
476_TMA_IHC_TumorCenter_CD8_0.png,4.108,4.726374
476_TMA_IHC_TumorCenter_CD8_1.png,8.836,7.8236012
476_TMA_IHC_TumorCenter_CD56_0.png,3.125,4.1652617
476_TMA_IHC_TumorCenter_CD56_1.png,3.707,2.3403323
476_TMA_IHC_TumorCenter_CD68_0.png,5.718,8.599809
476_TMA_IHC_TumorCenter_CD68_1.png,9.426,9.099016
476_TMA_IHC_TumorCenter_CD163_0.png,8.632,10.558408
476_TMA_IHC_TumorCenter_CD163_1.png,7.32,7.597303
476_TMA_IHC_TumorCenter_MHC1_0.png,4.991,8.507169
476_TMA_IHC_TumorCenter_MHC1_1.png,11.11,11.294688
476_TMA_IHC_TumorCenter_PDL1_0.png,5.218,5.3989244
476_TMA_IHC_TumorCenter_PDL1_1.png,17.35,12.338892
476_TMA_IHC_InvasionFront_CD3_0.png,17.93,20.989426
476_TMA_IHC_InvasionFront_CD3_1.png,18.91,17.388031
476_TMA_IHC_InvasionFront_CD8_0.png,13.31,15.988189
476_TMA_IHC_InvasionFront_CD8_1.png,9.449,9.790442
476_TMA_IHC_InvasionFront_CD56_0.png,1.9,1.6055208
476_TMA_IHC_InvasionFront_CD56_1.png,2.277,2.797876
476_TMA_IHC_InvasionFront_CD68_0.png,3.439,6.1342506
476_TMA_IHC_InvasionFront_CD68_1.png,4.294,6.4387174
476_TMA_IHC_InvasionFront_CD163_0.png,6.207,7.24756
476_TMA_IHC_InvasionFront_CD163_1.png,7.359,8.387472
476_TMA_IHC_InvasionFront_MHC1_0.png,18.74,21.067135
476_TMA_IHC_InvasionFront_MHC1_1.png,24.87,19.578594
476_TMA_IHC_InvasionFront_PDL1_0.png,12.88,19.388138
476_TMA_IHC_InvasionFront_PDL1_1.png,12.26,17.545883
162_TMA_IHC_TumorCenter_CD3_0.png,9.566,7.754431
162_TMA_IHC_TumorCenter_CD3_1.png,15.95,13.415228
162_TMA_IHC_TumorCenter_CD8_0.png,8.488,5.9043555
162_TMA_IHC_TumorCenter_CD8_1.png,4.108,5.888396
162_TMA_IHC_TumorCenter_CD56_0.png,1.929,2.0090725
162_TMA_IHC_TumorCenter_CD56_1.png,2.124,1.4169801
162_TMA_IHC_TumorCenter_CD68_0.png,10.09,10.546224
162_TMA_IHC_TumorCenter_CD68_1.png,8.795,9.873044
162_TMA_IHC_TumorCenter_CD163_0.png,12.33,12.722516
162_TMA_IHC_TumorCenter_CD163_1.png,6.729,7.5568423
162_TMA_IHC_TumorCenter_MHC1_0.png,0.0762,0.174848
162_TMA_IHC_TumorCenter_MHC1_1.png,0.4062,0.5322329
162_TMA_IHC_TumorCenter_PDL1_0.png,1.618,2.472526
162_TMA_IHC_TumorCenter_PDL1_1.png,1.315,6.537132
162_TMA_IHC_InvasionFront_CD3_0.png,3.148,4.9252305
162_TMA_IHC_InvasionFront_CD3_1.png,1.778,3.105962
162_TMA_IHC_InvasionFront_CD8_0.png,2.889,2.5592444
162_TMA_IHC_InvasionFront_CD8_1.png,0.9909,1.6689281
162_TMA_IHC_InvasionFront_CD56_0.png,1.645,0.547676
162_TMA_IHC_InvasionFront_CD56_1.png,1.582,4.705379
162_TMA_IHC_InvasionFront_CD68_0.png,5.026,6.0150685
162_TMA_IHC_InvasionFront_CD68_1.png,2.153,4.504768
162_TMA_IHC_InvasionFront_CD163_0.png,7.922,9.37312
162_TMA_IHC_InvasionFront_CD163_1.png,3.996,5.6729503
162_TMA_IHC_InvasionFront_MHC1_0.png,0.4116,0.23140417
162_TMA_IHC_InvasionFront_MHC1_1.png,0.1394,0.5547911
162_TMA_IHC_InvasionFront_PDL1_0.png,2.154,4.825647
162_TMA_IHC_InvasionFront_PDL1_1.png,0.8106,8.730327
225_TMA_IHC_TumorCenter_CD3_0.png,5.846,5.0816736
225_TMA_IHC_TumorCenter_CD3_1.png,10.68,8.084998
225_TMA_IHC_TumorCenter_CD8_0.png,8.543,8.500756
225_TMA_IHC_TumorCenter_CD8_1.png,6.702,6.7959256
225_TMA_IHC_TumorCenter_CD56_0.png,1.792,0.8841956
225_TMA_IHC_TumorCenter_CD56_1.png,0.3772,0.35856405
225_TMA_IHC_TumorCenter_CD68_0.png,9.636,8.831373
225_TMA_IHC_TumorCenter_CD68_1.png,17.06,14.556435
225_TMA_IHC_TumorCenter_CD163_0.png,5.342,4.9550557
225_TMA_IHC_TumorCenter_CD163_1.png,11.64,9.048808
225_TMA_IHC_TumorCenter_MHC1_0.png,1.61,1.0149108
225_TMA_IHC_TumorCenter_MHC1_1.png,5.287,6.0995717
225_TMA_IHC_TumorCenter_PDL1_0.png,5.904,3.7174976
225_TMA_IHC_TumorCenter_PDL1_1.png,18.16,12.179984
225_TMA_IHC_InvasionFront_CD3_0.png,6.619,4.747396
225_TMA_IHC_InvasionFront_CD3_1.png,8.185,7.63337
225_TMA_IHC_InvasionFront_CD8_0.png,8.193,7.5031724
225_TMA_IHC_InvasionFront_CD8_1.png,8.18,7.8696604
225_TMA_IHC_InvasionFront_CD56_0.png,1.12,0.55192375
225_TMA_IHC_InvasionFront_CD56_1.png,0.8968,0.41077837
225_TMA_IHC_InvasionFront_CD68_0.png,13.73,9.398682
225_TMA_IHC_InvasionFront_CD68_1.png,15.93,13.422673
225_TMA_IHC_InvasionFront_CD163_0.png,11.07,7.825883
225_TMA_IHC_InvasionFront_CD163_1.png,15.83,12.248997
225_TMA_IHC_InvasionFront_MHC1_0.png,15.2,13.9567375
225_TMA_IHC_InvasionFront_MHC1_1.png,31.15,27.864346
225_TMA_IHC_InvasionFront_PDL1_0.png,18.27,13.532254
225_TMA_IHC_InvasionFront_PDL1_1.png,28.53,22.543331
116_TMA_IHC_TumorCenter_CD3_0.png,2.514,2.1925862
116_TMA_IHC_TumorCenter_CD3_1.png,2.048,2.3621495
116_TMA_IHC_TumorCenter_CD8_0.png,0.6214,0.49831614
116_TMA_IHC_TumorCenter_CD8_1.png,1.219,1.3242859
116_TMA_IHC_TumorCenter_CD56_0.png,3.942,0.95861965
116_TMA_IHC_TumorCenter_CD56_1.png,2.722,2.1469088
116_TMA_IHC_TumorCenter_CD68_0.png,7.467,6.841579
116_TMA_IHC_TumorCenter_CD68_1.png,10.91,8.771215
116_TMA_IHC_TumorCenter_CD163_0.png,5.438,4.291157
116_TMA_IHC_TumorCenter_CD163_1.png,4.704,3.458499
116_TMA_IHC_TumorCenter_MHC1_0.png,0.0449,0.1719438
116_TMA_IHC_TumorCenter_MHC1_1.png,0.1724,0.2185512
116_TMA_IHC_TumorCenter_PDL1_0.png,0.3366,0.5969248
116_TMA_IHC_TumorCenter_PDL1_1.png,2.575,2.031088
116_TMA_IHC_InvasionFront_CD3_0.png,3.062,4.201103
116_TMA_IHC_InvasionFront_CD3_1.png,2.06,2.4457104
116_TMA_IHC_InvasionFront_CD8_0.png,1.973,1.615544
116_TMA_IHC_InvasionFront_CD8_1.png,2.15,2.8490362
116_TMA_IHC_InvasionFront_CD56_0.png,3.083,1.2307954
116_TMA_IHC_InvasionFront_CD56_1.png,7.587,7.133816
116_TMA_IHC_InvasionFront_CD68_0.png,12.53,11.458837
116_TMA_IHC_InvasionFront_CD68_1.png,7.601,8.485636
116_TMA_IHC_InvasionFront_CD163_0.png,8.918,7.8671374
116_TMA_IHC_InvasionFront_CD163_1.png,11.22,12.85869
116_TMA_IHC_InvasionFront_MHC1_0.png,1.663,0.69789696
116_TMA_IHC_InvasionFront_MHC1_1.png,0.1339,0.44952065
116_TMA_IHC_InvasionFront_PDL1_0.png,6.527,6.3303633
116_TMA_IHC_InvasionFront_PDL1_1.png,4.159,7.5515428
583_TMA_IHC_TumorCenter_CD3_0.png,19.95,15.3611355
583_TMA_IHC_TumorCenter_CD3_1.png,26.01,22.099102
583_TMA_IHC_TumorCenter_CD8_0.png,17.15,15.453765
583_TMA_IHC_TumorCenter_CD8_1.png,13.88,10.806985
583_TMA_IHC_TumorCenter_CD56_0.png,12.35,9.343041
583_TMA_IHC_TumorCenter_CD56_1.png,8.375,6.836578
583_TMA_IHC_TumorCenter_CD68_0.png,11.86,9.3728
583_TMA_IHC_TumorCenter_CD68_1.png,14.62,12.677804
583_TMA_IHC_TumorCenter_CD163_0.png,11.8,11.167041
583_TMA_IHC_TumorCenter_CD163_1.png,10.5,8.851399
583_TMA_IHC_TumorCenter_MHC1_0.png,0.1403,0.16408248
583_TMA_IHC_TumorCenter_MHC1_1.png,0.0738,0.425427
583_TMA_IHC_TumorCenter_PDL1_0.png,1.062,3.3970816
583_TMA_IHC_TumorCenter_PDL1_1.png,3.878,5.42149
583_TMA_IHC_InvasionFront_CD3_0.png,2.876,4.084046
583_TMA_IHC_InvasionFront_CD3_1.png,1.87,2.561985
583_TMA_IHC_InvasionFront_CD8_0.png,2.571,2.7745154
583_TMA_IHC_InvasionFront_CD8_1.png,1.011,0.97201246
583_TMA_IHC_InvasionFront_CD56_0.png,1.618,2.0704715
583_TMA_IHC_InvasionFront_CD56_1.png,1.287,1.3414577
583_TMA_IHC_InvasionFront_CD68_0.png,8.121,9.53312
583_TMA_IHC_InvasionFront_CD68_1.png,3.29,4.037319
583_TMA_IHC_InvasionFront_CD163_0.png,11.5,13.329989
583_TMA_IHC_InvasionFront_CD163_1.png,5.375,4.8880134
583_TMA_IHC_InvasionFront_MHC1_0.png,4.869,11.9846735
583_TMA_IHC_InvasionFront_MHC1_1.png,1.053,3.0886252
583_TMA_IHC_InvasionFront_PDL1_0.png,12.2,11.549405
583_TMA_IHC_InvasionFront_PDL1_1.png,5.35,6.105513
559_TMA_IHC_TumorCenter_CD3_0.png,33.27,32.451202
559_TMA_IHC_TumorCenter_CD3_1.png,20.95,23.760818
559_TMA_IHC_TumorCenter_CD8_0.png,30.39,29.06606
559_TMA_IHC_TumorCenter_CD8_1.png,19.79,20.48838
559_TMA_IHC_TumorCenter_CD56_0.png,4.457,3.6632888
559_TMA_IHC_TumorCenter_CD56_1.png,3.048,3.6212347
559_TMA_IHC_TumorCenter_CD68_0.png,21.45,21.490154
559_TMA_IHC_TumorCenter_CD68_1.png,11.44,12.466519
559_TMA_IHC_TumorCenter_CD163_0.png,17.52,16.378445
559_TMA_IHC_TumorCenter_CD163_1.png,6.239,5.1383595
559_TMA_IHC_TumorCenter_MHC1_0.png,0.7752,1.8332814
559_TMA_IHC_TumorCenter_MHC1_1.png,0.3337,0.5707212
559_TMA_IHC_TumorCenter_PDL1_0.png,26.89,22.925741
559_TMA_IHC_TumorCenter_PDL1_1.png,31.67,30.761816
559_TMA_IHC_InvasionFront_CD3_0.png,3.12,3.7845743
559_TMA_IHC_InvasionFront_CD3_1.png,1.659,3.6818726
559_TMA_IHC_InvasionFront_CD8_0.png,2.759,4.1881313
559_TMA_IHC_InvasionFront_CD8_1.png,1.837,3.990164
559_TMA_IHC_InvasionFront_CD56_0.png,3.262,6.2263145
559_TMA_IHC_InvasionFront_CD56_1.png,3.774,7.9540806
559_TMA_IHC_InvasionFront_CD68_0.png,6.151,6.915511
559_TMA_IHC_InvasionFront_CD68_1.png,9.452,11.841149
559_TMA_IHC_InvasionFront_CD163_0.png,13.5,14.866595
559_TMA_IHC_InvasionFront_CD163_1.png,19.15,21.464657
559_TMA_IHC_InvasionFront_MHC1_0.png,1.401,1.8723539
559_TMA_IHC_InvasionFront_MHC1_1.png,0.5524,1.3734361
559_TMA_IHC_InvasionFront_PDL1_0.png,2.598,9.734694
559_TMA_IHC_InvasionFront_PDL1_1.png,2.688,11.382752
632_TMA_IHC_TumorCenter_CD3_0.png,6.351,6.3715196
632_TMA_IHC_TumorCenter_CD3_1.png,3.922,5.345101
632_TMA_IHC_TumorCenter_CD8_0.png,2.001,2.631071
632_TMA_IHC_TumorCenter_CD8_1.png,0.9741,0.9731658
632_TMA_IHC_TumorCenter_CD56_0.png,7.657,6.200933
632_TMA_IHC_TumorCenter_CD56_1.png,6.433,3.938769
632_TMA_IHC_TumorCenter_CD68_0.png,7.938,9.789493
632_TMA_IHC_TumorCenter_CD68_1.png,6.875,6.9584994
632_TMA_IHC_TumorCenter_CD163_0.png,9.717,10.739998
632_TMA_IHC_TumorCenter_CD163_1.png,6.861,6.7247176
632_TMA_IHC_TumorCenter_MHC1_0.png,0.6993,0.48096117
632_TMA_IHC_TumorCenter_MHC1_1.png,0.0394,0.32917693
632_TMA_IHC_TumorCenter_PDL1_0.png,0.1685,0.48593327
632_TMA_IHC_TumorCenter_PDL1_1.png,0.0777,0.4961423
632_TMA_IHC_InvasionFront_CD3_0.png,4.347,4.9187827
632_TMA_IHC_InvasionFront_CD3_1.png,6.177,5.970946
632_TMA_IHC_InvasionFront_CD8_0.png,4.781,4.431059
632_TMA_IHC_InvasionFront_CD8_1.png,6.426,4.222551
632_TMA_IHC_InvasionFront_CD56_0.png,7.432,3.9152436
632_TMA_IHC_InvasionFront_CD56_1.png,2.898,1.8478903
632_TMA_IHC_InvasionFront_CD68_0.png,8.045,8.7517805
632_TMA_IHC_InvasionFront_CD68_1.png,4.46,4.622957
632_TMA_IHC_InvasionFront_CD163_0.png,9.058,9.72029
632_TMA_IHC_InvasionFront_CD163_1.png,5.232,4.805672
632_TMA_IHC_InvasionFront_MHC1_0.png,1.22,0.6731457
632_TMA_IHC_InvasionFront_MHC1_1.png,7.92,4.397763
632_TMA_IHC_InvasionFront_PDL1_0.png,0.4626,3.5392718
632_TMA_IHC_InvasionFront_PDL1_1.png,1.747,5.880343
564_TMA_IHC_TumorCenter_CD3_0.png,5.618,6.8704867
564_TMA_IHC_TumorCenter_CD3_1.png,20.62,22.180046
564_TMA_IHC_TumorCenter_CD8_0.png,5.016,5.3831997
564_TMA_IHC_TumorCenter_CD8_1.png,17.95,14.668055
564_TMA_IHC_TumorCenter_CD56_0.png,1.975,2.6883261
564_TMA_IHC_TumorCenter_CD56_1.png,3.0,2.7997103
564_TMA_IHC_TumorCenter_CD68_0.png,13.35,15.209944
564_TMA_IHC_TumorCenter_CD68_1.png,16.0,16.858482
564_TMA_IHC_TumorCenter_CD163_0.png,14.52,16.39083
564_TMA_IHC_TumorCenter_CD163_1.png,19.16,15.032274
564_TMA_IHC_TumorCenter_MHC1_0.png,0.0932,0.4217024
564_TMA_IHC_TumorCenter_MHC1_1.png,0.1227,0.52158225
564_TMA_IHC_TumorCenter_PDL1_0.png,0.056,0.44503275
564_TMA_IHC_TumorCenter_PDL1_1.png,2.665,1.9078699
564_TMA_IHC_InvasionFront_CD3_0.png,2.964,2.3138018
564_TMA_IHC_InvasionFront_CD3_1.png,19.14,17.071697
564_TMA_IHC_InvasionFront_CD8_0.png,2.555,1.4645932
564_TMA_IHC_InvasionFront_CD8_1.png,12.78,13.881707
564_TMA_IHC_InvasionFront_CD56_0.png,2.652,2.306765
564_TMA_IHC_InvasionFront_CD56_1.png,3.668,1.8041577
564_TMA_IHC_InvasionFront_CD68_0.png,4.821,5.7263684
564_TMA_IHC_InvasionFront_CD68_1.png,10.94,12.202873
564_TMA_IHC_InvasionFront_CD163_0.png,8.044,8.030385
564_TMA_IHC_InvasionFront_CD163_1.png,14.7,11.506145
564_TMA_IHC_InvasionFront_MHC1_0.png,2.878,0.7972179
564_TMA_IHC_InvasionFront_MHC1_1.png,4.288,6.5756183
564_TMA_IHC_InvasionFront_PDL1_0.png,0.6849,1.7252988
564_TMA_IHC_InvasionFront_PDL1_1.png,10.07,7.516119
668_TMA_IHC_TumorCenter_CD3_0.png,33.38,32.889355
668_TMA_IHC_TumorCenter_CD3_1.png,9.574,8.157661
668_TMA_IHC_TumorCenter_CD8_0.png,13.41,10.850445
668_TMA_IHC_TumorCenter_CD8_1.png,3.267,3.7049658
668_TMA_IHC_TumorCenter_CD56_0.png,2.237,1.805477
668_TMA_IHC_TumorCenter_CD56_1.png,1.124,2.142412
668_TMA_IHC_TumorCenter_CD68_0.png,11.06,12.07985
668_TMA_IHC_TumorCenter_CD68_1.png,10.06,11.211827
668_TMA_IHC_TumorCenter_CD163_0.png,6.465,4.301621
668_TMA_IHC_TumorCenter_CD163_1.png,6.044,6.309039
668_TMA_IHC_TumorCenter_MHC1_0.png,7.461,9.52399
668_TMA_IHC_TumorCenter_MHC1_1.png,7.762,6.4482155
668_TMA_IHC_TumorCenter_PDL1_0.png,7.289,7.2944784
668_TMA_IHC_TumorCenter_PDL1_1.png,2.756,4.179575
668_TMA_IHC_InvasionFront_CD3_0.png,4.331,4.285497
668_TMA_IHC_InvasionFront_CD3_1.png,4.029,4.6854954
668_TMA_IHC_InvasionFront_CD8_0.png,3.754,3.1119387
668_TMA_IHC_InvasionFront_CD8_1.png,3.324,2.363766
668_TMA_IHC_InvasionFront_CD56_0.png,1.917,1.9917022
668_TMA_IHC_InvasionFront_CD56_1.png,0.8417,1.4315839
668_TMA_IHC_InvasionFront_CD68_0.png,5.904,7.395666
668_TMA_IHC_InvasionFront_CD68_1.png,2.839,4.572363
668_TMA_IHC_InvasionFront_CD163_0.png,9.525,7.903306
668_TMA_IHC_InvasionFront_CD163_1.png,3.015,3.0470889
668_TMA_IHC_InvasionFront_MHC1_0.png,13.06,11.768232
668_TMA_IHC_InvasionFront_MHC1_1.png,6.485,11.077348
668_TMA_IHC_InvasionFront_PDL1_0.png,2.743,4.963286
668_TMA_IHC_InvasionFront_PDL1_1.png,20.63,18.937576
334_TMA_IHC_TumorCenter_CD3_0.png,3.539,4.834849
334_TMA_IHC_TumorCenter_CD3_1.png,2.532,3.6134155
334_TMA_IHC_TumorCenter_CD8_0.png,2.133,2.5244374
334_TMA_IHC_TumorCenter_CD8_1.png,0.7492,0.866514
334_TMA_IHC_TumorCenter_CD56_0.png,6.482,2.5484955
334_TMA_IHC_TumorCenter_CD56_1.png,2.63,2.4326527
334_TMA_IHC_TumorCenter_CD68_0.png,12.92,13.113606
334_TMA_IHC_TumorCenter_CD68_1.png,7.332,8.820123
334_TMA_IHC_TumorCenter_CD163_0.png,14.22,11.5113
334_TMA_IHC_TumorCenter_CD163_1.png,3.605,4.4622693
334_TMA_IHC_TumorCenter_MHC1_0.png,4.882,7.016831
334_TMA_IHC_TumorCenter_MHC1_1.png,4.964,7.1044707
334_TMA_IHC_TumorCenter_PDL1_0.png,3.997,2.804842
334_TMA_IHC_TumorCenter_PDL1_1.png,0.939,3.7141836
334_TMA_IHC_InvasionFront_CD3_0.png,1.473,2.0369503
334_TMA_IHC_InvasionFront_CD3_1.png,1.27,1.7731997
334_TMA_IHC_InvasionFront_CD8_0.png,1.215,1.30953
334_TMA_IHC_InvasionFront_CD8_1.png,0.6275,0.55597645
334_TMA_IHC_InvasionFront_CD56_0.png,3.788,3.7506104
334_TMA_IHC_InvasionFront_CD56_1.png,1.384,1.1393342
334_TMA_IHC_InvasionFront_CD68_0.png,8.195,11.474563
334_TMA_IHC_InvasionFront_CD68_1.png,4.324,7.0725093
334_TMA_IHC_InvasionFront_CD163_0.png,23.27,26.337904
334_TMA_IHC_InvasionFront_CD163_1.png,14.81,15.613942
334_TMA_IHC_InvasionFront_MHC1_0.png,3.855,1.9835666
334_TMA_IHC_InvasionFront_MHC1_1.png,6.098,4.455108
334_TMA_IHC_InvasionFront_PDL1_0.png,2.242,4.63154
334_TMA_IHC_InvasionFront_PDL1_1.png,5.89,8.406106
104_TMA_IHC_TumorCenter_CD3_0.png,21.04,23.983356
104_TMA_IHC_TumorCenter_CD3_1.png,17.71,13.877771
104_TMA_IHC_TumorCenter_CD8_0.png,13.66,16.222195
104_TMA_IHC_TumorCenter_CD8_1.png,14.83,11.635276
104_TMA_IHC_TumorCenter_CD56_0.png,2.409,3.1186404
104_TMA_IHC_TumorCenter_CD56_1.png,2.196,1.7527753
104_TMA_IHC_TumorCenter_CD68_0.png,11.49,14.387722
104_TMA_IHC_TumorCenter_CD68_1.png,17.0,17.204592
104_TMA_IHC_TumorCenter_CD163_0.png,16.05,17.993662
104_TMA_IHC_TumorCenter_CD163_1.png,17.74,20.41373
104_TMA_IHC_TumorCenter_MHC1_0.png,0.0078,0.03130935
104_TMA_IHC_TumorCenter_MHC1_1.png,0.4285,0.36973873
104_TMA_IHC_TumorCenter_PDL1_0.png,0.076,0.7325404
104_TMA_IHC_TumorCenter_PDL1_1.png,0.1216,0.24532469
104_TMA_IHC_InvasionFront_CD3_0.png,5.811,7.5186143
104_TMA_IHC_InvasionFront_CD3_1.png,11.74,13.468987
104_TMA_IHC_InvasionFront_CD8_0.png,14.02,9.364781
104_TMA_IHC_InvasionFront_CD8_1.png,20.94,18.573433
104_TMA_IHC_InvasionFront_CD56_0.png,1.731,1.7678468
104_TMA_IHC_InvasionFront_CD56_1.png,2.275,2.4593008
104_TMA_IHC_InvasionFront_CD68_0.png,5.06,6.052635
104_TMA_IHC_InvasionFront_CD68_1.png,5.808,7.993942
104_TMA_IHC_InvasionFront_CD163_0.png,7.117,7.9773135
104_TMA_IHC_InvasionFront_CD163_1.png,15.06,17.379066
104_TMA_IHC_InvasionFront_MHC1_0.png,7.984,2.4028044
104_TMA_IHC_InvasionFront_MHC1_1.png,7.663,4.000487
104_TMA_IHC_InvasionFront_PDL1_0.png,3.748,7.2579665
104_TMA_IHC_InvasionFront_PDL1_1.png,0.3942,4.188342
176_TMA_IHC_TumorCenter_CD3_0.png,33.66,14.185319
176_TMA_IHC_TumorCenter_CD3_1.png,18.56,8.508682
176_TMA_IHC_TumorCenter_CD8_0.png,0.4502,0.71219116
176_TMA_IHC_TumorCenter_CD8_1.png,0.2757,0.37226886
176_TMA_IHC_TumorCenter_CD56_0.png,16.71,6.073568
176_TMA_IHC_TumorCenter_CD56_1.png,3.676,2.1977181
176_TMA_IHC_TumorCenter_CD68_0.png,2.828,3.7397115
176_TMA_IHC_TumorCenter_CD68_1.png,4.881,5.8497396
176_TMA_IHC_TumorCenter_CD163_0.png,3.804,4.184905
176_TMA_IHC_TumorCenter_CD163_1.png,4.672,5.2953525
176_TMA_IHC_TumorCenter_MHC1_0.png,0.0248,0.64797604
176_TMA_IHC_TumorCenter_MHC1_1.png,0.0098,0.26275405
176_TMA_IHC_TumorCenter_PDL1_0.png,25.12,11.056785
176_TMA_IHC_TumorCenter_PDL1_1.png,3.623,0.9069268
176_TMA_IHC_InvasionFront_CD3_0.png,2.67,3.691894
176_TMA_IHC_InvasionFront_CD3_1.png,6.002,7.2059155
176_TMA_IHC_InvasionFront_CD8_0.png,0.656,1.2704542
176_TMA_IHC_InvasionFront_CD8_1.png,1.851,1.8512772
176_TMA_IHC_InvasionFront_CD56_0.png,2.339,4.693024
176_TMA_IHC_InvasionFront_CD56_1.png,1.306,2.3123453
176_TMA_IHC_InvasionFront_CD68_0.png,7.424,10.955231
176_TMA_IHC_InvasionFront_CD68_1.png,8.866,9.536805
176_TMA_IHC_InvasionFront_CD163_0.png,18.2,19.491497
176_TMA_IHC_InvasionFront_CD163_1.png,13.65,14.637526
176_TMA_IHC_InvasionFront_MHC1_0.png,0.1649,0.44690707
176_TMA_IHC_InvasionFront_MHC1_1.png,0.4046,0.6821283
176_TMA_IHC_InvasionFront_PDL1_0.png,1.574,4.951387
176_TMA_IHC_InvasionFront_PDL1_1.png,3.671,8.948295
723_TMA_IHC_TumorCenter_CD3_0.png,11.8,11.68868
723_TMA_IHC_TumorCenter_CD3_1.png,15.14,13.47066
723_TMA_IHC_TumorCenter_CD8_0.png,1.912,2.3248947
723_TMA_IHC_TumorCenter_CD8_1.png,2.275,2.5979197
723_TMA_IHC_TumorCenter_CD56_0.png,8.167,5.21664
723_TMA_IHC_TumorCenter_CD56_1.png,15.14,5.183342
723_TMA_IHC_TumorCenter_CD68_0.png,8.239,8.019351
723_TMA_IHC_TumorCenter_CD68_1.png,9.512,7.327869
723_TMA_IHC_TumorCenter_CD163_0.png,3.569,4.2084966
723_TMA_IHC_TumorCenter_CD163_1.png,5.957,5.7460475
723_TMA_IHC_TumorCenter_MHC1_0.png,0.007,0.08169012
723_TMA_IHC_TumorCenter_MHC1_1.png,0.0464,0.11099403
723_TMA_IHC_TumorCenter_PDL1_0.png,4.609,4.7399898
723_TMA_IHC_TumorCenter_PDL1_1.png,4.879,6.701528
723_TMA_IHC_InvasionFront_CD3_0.png,5.404,7.5574493
723_TMA_IHC_InvasionFront_CD3_1.png,6.367,9.501182
723_TMA_IHC_InvasionFront_CD8_0.png,3.626,3.3222897
723_TMA_IHC_InvasionFront_CD8_1.png,8.948,8.494657
723_TMA_IHC_InvasionFront_CD56_0.png,1.296,1.5889152
723_TMA_IHC_InvasionFront_CD56_1.png,1.464,1.551428
723_TMA_IHC_InvasionFront_CD68_0.png,7.664,8.356377
723_TMA_IHC_InvasionFront_CD68_1.png,8.757,9.120076
723_TMA_IHC_InvasionFront_CD163_0.png,8.729,8.277434
723_TMA_IHC_InvasionFront_CD163_1.png,8.365,8.407516
723_TMA_IHC_InvasionFront_MHC1_0.png,1.556,0.46320856
723_TMA_IHC_InvasionFront_MHC1_1.png,5.354,3.7931888
723_TMA_IHC_InvasionFront_PDL1_0.png,19.66,21.185276
723_TMA_IHC_InvasionFront_PDL1_1.png,21.21,23.24543
121_TMA_IHC_TumorCenter_CD3_0.png,6.023,5.617563
121_TMA_IHC_TumorCenter_CD3_1.png,9.662,5.701043
121_TMA_IHC_TumorCenter_CD8_0.png,0.2348,0.36806703
121_TMA_IHC_TumorCenter_CD8_1.png,4.815,3.6126122
121_TMA_IHC_TumorCenter_CD56_0.png,43.56,24.077705
121_TMA_IHC_TumorCenter_CD56_1.png,5.219,4.2196517
121_TMA_IHC_TumorCenter_CD68_0.png,12.77,10.981189
121_TMA_IHC_TumorCenter_CD68_1.png,14.38,12.540343
121_TMA_IHC_TumorCenter_CD163_0.png,8.133,6.93969
121_TMA_IHC_TumorCenter_CD163_1.png,8.796,5.526527
121_TMA_IHC_TumorCenter_MHC1_0.png,0.1643,0.141829
121_TMA_IHC_TumorCenter_MHC1_1.png,0.5558,0.3429478
121_TMA_IHC_TumorCenter_PDL1_0.png,0.0484,2.677716
121_TMA_IHC_TumorCenter_PDL1_1.png,0.5897,1.3726875
121_TMA_IHC_InvasionFront_CD3_0.png,2.079,4.144198
121_TMA_IHC_InvasionFront_CD3_1.png,5.993,4.937073
121_TMA_IHC_InvasionFront_CD8_0.png,0.244,0.21385318
121_TMA_IHC_InvasionFront_CD8_1.png,1.649,0.77052444
121_TMA_IHC_InvasionFront_CD56_0.png,4.241,4.7019477
121_TMA_IHC_InvasionFront_CD56_1.png,11.28,8.054309
121_TMA_IHC_InvasionFront_CD68_0.png,2.687,5.015492
121_TMA_IHC_InvasionFront_CD68_1.png,5.896,6.197168
121_TMA_IHC_InvasionFront_CD163_0.png,1.462,2.6449964
121_TMA_IHC_InvasionFront_CD163_1.png,6.209,7.5093007
121_TMA_IHC_InvasionFront_MHC1_0.png,0.2281,0.24013366
121_TMA_IHC_InvasionFront_MHC1_1.png,4.265,0.9798966
121_TMA_IHC_InvasionFront_PDL1_0.png,3.652,8.183101
121_TMA_IHC_InvasionFront_PDL1_1.png,1.601,6.4306483
356_TMA_IHC_TumorCenter_CD3_0.png,0.0491,0.67943984
356_TMA_IHC_TumorCenter_CD3_1.png,0.4444,0.9084385
356_TMA_IHC_TumorCenter_CD8_0.png,0.0447,0.4816341
356_TMA_IHC_TumorCenter_CD8_1.png,0.1258,0.8609299
356_TMA_IHC_TumorCenter_CD56_0.png,1.478,1.6349347
356_TMA_IHC_TumorCenter_CD56_1.png,3.956,3.9521759
356_TMA_IHC_TumorCenter_CD68_0.png,0.2535,1.1744902
356_TMA_IHC_TumorCenter_CD68_1.png,0.6022,1.8259543
356_TMA_IHC_TumorCenter_CD163_0.png,0.8673,1.3997327
356_TMA_IHC_TumorCenter_CD163_1.png,1.468,3.5870643
356_TMA_IHC_TumorCenter_MHC1_0.png,0.009,0.628609
356_TMA_IHC_TumorCenter_MHC1_1.png,0.0143,3.3102317
356_TMA_IHC_TumorCenter_PDL1_0.png,0.0579,1.2913424
356_TMA_IHC_TumorCenter_PDL1_1.png,0.0,4.733068
356_TMA_IHC_InvasionFront_CD3_0.png,3.933,5.6204886
356_TMA_IHC_InvasionFront_CD3_1.png,0.2812,2.405394
356_TMA_IHC_InvasionFront_CD8_0.png,1.387,2.2176936
356_TMA_IHC_InvasionFront_CD8_1.png,0.3253,1.4073683
356_TMA_IHC_InvasionFront_CD56_0.png,1.656,2.7422771
356_TMA_IHC_InvasionFront_CD56_1.png,7.354,8.349923
356_TMA_IHC_InvasionFront_CD68_0.png,1.433,3.4883964
356_TMA_IHC_InvasionFront_CD68_1.png,0.4089,3.1839554
356_TMA_IHC_InvasionFront_CD163_0.png,2.7,3.361841
356_TMA_IHC_InvasionFront_CD163_1.png,0.6287,1.6393222
356_TMA_IHC_InvasionFront_MHC1_0.png,3.695,6.043102
356_TMA_IHC_InvasionFront_MHC1_1.png,0.1212,1.4552052
356_TMA_IHC_InvasionFront_PDL1_0.png,0.2003,9.369996
356_TMA_IHC_InvasionFront_PDL1_1.png,0.8277,8.869239
698_TMA_IHC_TumorCenter_CD3_0.png,54.86,45.08831
698_TMA_IHC_TumorCenter_CD3_1.png,41.79,36.915398
698_TMA_IHC_TumorCenter_CD8_0.png,22.9,24.421436
698_TMA_IHC_TumorCenter_CD8_1.png,27.96,28.888275
698_TMA_IHC_TumorCenter_CD56_0.png,8.181,7.014387
698_TMA_IHC_TumorCenter_CD56_1.png,5.351,5.2430196
698_TMA_IHC_TumorCenter_CD68_0.png,8.991,10.93897
698_TMA_IHC_TumorCenter_CD68_1.png,7.252,8.480056
698_TMA_IHC_TumorCenter_CD163_0.png,3.794,3.1678996
698_TMA_IHC_TumorCenter_CD163_1.png,2.851,2.984172
698_TMA_IHC_TumorCenter_MHC1_0.png,0.8262,1.09686
698_TMA_IHC_TumorCenter_MHC1_1.png,1.432,3.0711572
698_TMA_IHC_TumorCenter_PDL1_0.png,7.098,7.7263803
698_TMA_IHC_TumorCenter_PDL1_1.png,5.346,10.0710535
698_TMA_IHC_InvasionFront_CD3_0.png,13.73,16.735506
698_TMA_IHC_InvasionFront_CD3_1.png,6.006,6.766821
698_TMA_IHC_InvasionFront_CD8_0.png,28.28,27.09505
698_TMA_IHC_InvasionFront_CD8_1.png,21.91,16.41749
698_TMA_IHC_InvasionFront_CD56_0.png,6.288,6.9367404
698_TMA_IHC_InvasionFront_CD56_1.png,12.88,12.840331
698_TMA_IHC_InvasionFront_CD68_0.png,6.779,8.231949
698_TMA_IHC_InvasionFront_CD68_1.png,5.558,6.3552203
698_TMA_IHC_InvasionFront_CD163_0.png,5.066,4.671428
698_TMA_IHC_InvasionFront_CD163_1.png,4.932,5.03242
698_TMA_IHC_InvasionFront_MHC1_0.png,20.06,18.57949
698_TMA_IHC_InvasionFront_MHC1_1.png,14.7,11.298899
698_TMA_IHC_InvasionFront_PDL1_0.png,13.22,22.945461
698_TMA_IHC_InvasionFront_PDL1_1.png,14.4,14.73582
403_TMA_IHC_TumorCenter_CD3_0.png,40.32,33.961414
403_TMA_IHC_TumorCenter_CD3_1.png,30.8,25.128431
403_TMA_IHC_TumorCenter_CD8_0.png,10.35,12.012634
403_TMA_IHC_TumorCenter_CD8_1.png,10.45,10.36583
403_TMA_IHC_TumorCenter_CD56_0.png,1.063,0.68481624
403_TMA_IHC_TumorCenter_CD56_1.png,1.39,1.1253177
403_TMA_IHC_TumorCenter_CD68_0.png,14.21,15.6617365
403_TMA_IHC_TumorCenter_CD68_1.png,12.26,12.406669
403_TMA_IHC_TumorCenter_CD163_0.png,9.329,8.409034
403_TMA_IHC_TumorCenter_CD163_1.png,13.44,15.3899145
403_TMA_IHC_TumorCenter_MHC1_0.png,0.0449,0.002564581
403_TMA_IHC_TumorCenter_MHC1_1.png,0.1594,0.3932844
403_TMA_IHC_TumorCenter_PDL1_0.png,8.316,4.7420235
403_TMA_IHC_TumorCenter_PDL1_1.png,17.99,9.304447
403_TMA_IHC_InvasionFront_CD3_0.png,14.92,15.587673
403_TMA_IHC_InvasionFront_CD3_1.png,1.932,1.9685588
403_TMA_IHC_InvasionFront_CD8_0.png,13.21,14.261827
403_TMA_IHC_InvasionFront_CD8_1.png,1.469,1.0157949
403_TMA_IHC_InvasionFront_CD56_0.png,1.339,0.8592204
403_TMA_IHC_InvasionFront_CD56_1.png,2.203,1.886125
403_TMA_IHC_InvasionFront_CD68_0.png,10.53,11.627608
403_TMA_IHC_InvasionFront_CD68_1.png,3.432,4.2581654
403_TMA_IHC_InvasionFront_CD163_0.png,14.82,15.21338
403_TMA_IHC_InvasionFront_CD163_1.png,7.29,8.863749
403_TMA_IHC_InvasionFront_MHC1_0.png,6.118,7.126923
403_TMA_IHC_InvasionFront_MHC1_1.png,1.197,1.1477143
403_TMA_IHC_InvasionFront_PDL1_0.png,14.39,16.064156
403_TMA_IHC_InvasionFront_PDL1_1.png,0.0901,1.1638345
250_TMA_IHC_TumorCenter_CD3_0.png,0.2592,0.08864388
250_TMA_IHC_TumorCenter_CD3_1.png,0.4952,0.41691324
250_TMA_IHC_TumorCenter_CD8_0.png,0.0054,0.12301808
250_TMA_IHC_TumorCenter_CD8_1.png,0.1256,0.56969017
250_TMA_IHC_TumorCenter_CD56_0.png,0.0935,0.06914053
250_TMA_IHC_TumorCenter_CD56_1.png,0.0162,0.21776764
250_TMA_IHC_TumorCenter_CD68_0.png,0.4432,0.21544963
250_TMA_IHC_TumorCenter_CD68_1.png,1.688,2.7195008
250_TMA_IHC_TumorCenter_CD163_0.png,1.654,0.40974942
250_TMA_IHC_TumorCenter_CD163_1.png,4.795,5.7292376
250_TMA_IHC_TumorCenter_MHC1_0.png,0.0411,0.06553777
250_TMA_IHC_TumorCenter_MHC1_1.png,0.0207,0.17126797
250_TMA_IHC_TumorCenter_PDL1_0.png,0.0207,0.08112899
250_TMA_IHC_TumorCenter_PDL1_1.png,0.0069,0.89053005
250_TMA_IHC_InvasionFront_CD3_0.png,0.2743,0.3028384
250_TMA_IHC_InvasionFront_CD3_1.png,0.5638,0.39606705
250_TMA_IHC_InvasionFront_CD8_0.png,0.0757,0.15510097
250_TMA_IHC_InvasionFront_CD8_1.png,0.2059,0.23655955
250_TMA_IHC_InvasionFront_CD56_0.png,0.0994,0.42780772
250_TMA_IHC_InvasionFront_CD56_1.png,0.1596,0.27904236
250_TMA_IHC_InvasionFront_CD68_0.png,1.253,1.7576534
250_TMA_IHC_InvasionFront_CD68_1.png,1.22,1.8877084
250_TMA_IHC_InvasionFront_CD163_0.png,3.477,2.5440402
250_TMA_IHC_InvasionFront_CD163_1.png,6.897,6.92096
250_TMA_IHC_InvasionFront_MHC1_0.png,0.3465,0.1978073
250_TMA_IHC_InvasionFront_MHC1_1.png,11.19,9.462605
250_TMA_IHC_InvasionFront_PDL1_0.png,0.0826,2.4553626
250_TMA_IHC_InvasionFront_PDL1_1.png,0.1918,3.479388
761_TMA_IHC_TumorCenter_CD3_0.png,24.29,24.171562
761_TMA_IHC_TumorCenter_CD3_1.png,18.67,16.847263
761_TMA_IHC_TumorCenter_CD8_0.png,7.952,8.727473
761_TMA_IHC_TumorCenter_CD8_1.png,7.401,7.711954
761_TMA_IHC_TumorCenter_CD56_0.png,42.1,17.219234
761_TMA_IHC_TumorCenter_CD56_1.png,5.793,3.1862605
761_TMA_IHC_TumorCenter_CD68_0.png,30.59,26.86834
761_TMA_IHC_TumorCenter_CD68_1.png,22.4,19.043365
761_TMA_IHC_TumorCenter_CD163_0.png,17.08,17.39785
761_TMA_IHC_TumorCenter_CD163_1.png,18.14,13.737473
761_TMA_IHC_TumorCenter_MHC1_0.png,6.443,6.880375
761_TMA_IHC_TumorCenter_MHC1_1.png,27.04,19.591043
761_TMA_IHC_TumorCenter_PDL1_0.png,24.86,28.13515
761_TMA_IHC_TumorCenter_PDL1_1.png,17.54,19.936085
761_TMA_IHC_InvasionFront_CD3_0.png,17.81,20.49429
761_TMA_IHC_InvasionFront_CD3_1.png,7.911,13.753772
761_TMA_IHC_InvasionFront_CD8_0.png,14.81,17.966297
761_TMA_IHC_InvasionFront_CD8_1.png,14.2,17.806644
761_TMA_IHC_InvasionFront_CD56_0.png,1.268,1.5813408
761_TMA_IHC_InvasionFront_CD56_1.png,6.838,5.573008
761_TMA_IHC_InvasionFront_CD68_0.png,16.5,19.552174
761_TMA_IHC_InvasionFront_CD68_1.png,11.84,16.842823
761_TMA_IHC_InvasionFront_CD163_0.png,23.04,21.807713
761_TMA_IHC_InvasionFront_CD163_1.png,16.59,15.669924
761_TMA_IHC_InvasionFront_MHC1_0.png,71.87,50.382626
761_TMA_IHC_InvasionFront_MHC1_1.png,28.41,24.51033
761_TMA_IHC_InvasionFront_PDL1_0.png,50.79,34.30432
761_TMA_IHC_InvasionFront_PDL1_1.png,52.85,42.117744
737_TMA_IHC_TumorCenter_CD3_0.png,6.352,7.9126163
737_TMA_IHC_TumorCenter_CD3_1.png,4.764,7.507029
737_TMA_IHC_TumorCenter_CD8_0.png,1.669,2.3451362
737_TMA_IHC_TumorCenter_CD8_1.png,6.848,6.1882806
737_TMA_IHC_TumorCenter_CD56_0.png,5.282,2.034479
737_TMA_IHC_TumorCenter_CD56_1.png,16.97,7.5607877
737_TMA_IHC_TumorCenter_CD68_0.png,9.774,11.566912
737_TMA_IHC_TumorCenter_CD68_1.png,10.0,10.251264
737_TMA_IHC_TumorCenter_CD163_0.png,3.999,4.451083
737_TMA_IHC_TumorCenter_CD163_1.png,6.98,9.401049
737_TMA_IHC_TumorCenter_MHC1_0.png,0.0351,0.0006808881
737_TMA_IHC_TumorCenter_MHC1_1.png,0.2732,0.18912323
737_TMA_IHC_TumorCenter_PDL1_0.png,0.5815,2.7996821
737_TMA_IHC_TumorCenter_PDL1_1.png,11.16,8.018949
737_TMA_IHC_InvasionFront_CD3_0.png,4.372,6.412499
737_TMA_IHC_InvasionFront_CD3_1.png,4.525,6.61394
737_TMA_IHC_InvasionFront_CD8_0.png,8.566,10.154809
737_TMA_IHC_InvasionFront_CD8_1.png,8.013,7.393684
737_TMA_IHC_InvasionFront_CD56_0.png,0.5638,1.0022908
737_TMA_IHC_InvasionFront_CD56_1.png,1.173,0.95406973
737_TMA_IHC_InvasionFront_CD68_0.png,4.145,6.589475
737_TMA_IHC_InvasionFront_CD68_1.png,4.039,5.605265
737_TMA_IHC_InvasionFront_CD163_0.png,7.442,7.8071246
737_TMA_IHC_InvasionFront_CD163_1.png,3.686,4.5054464
737_TMA_IHC_InvasionFront_MHC1_0.png,1.623,4.564255
737_TMA_IHC_InvasionFront_MHC1_1.png,7.068,4.028368
737_TMA_IHC_InvasionFront_PDL1_0.png,11.59,16.286608
737_TMA_IHC_InvasionFront_PDL1_1.png,5.579,11.873087
606_TMA_IHC_TumorCenter_CD3_0.png,16.35,11.059382
606_TMA_IHC_TumorCenter_CD3_1.png,4.646,5.357302
606_TMA_IHC_TumorCenter_CD8_0.png,10.34,7.2725687
606_TMA_IHC_TumorCenter_CD8_1.png,1.901,2.2819083
606_TMA_IHC_TumorCenter_CD56_0.png,8.584,8.501858
606_TMA_IHC_TumorCenter_CD56_1.png,2.56,2.7707398
606_TMA_IHC_TumorCenter_CD68_0.png,13.46,13.213104
606_TMA_IHC_TumorCenter_CD68_1.png,13.99,14.337859
606_TMA_IHC_TumorCenter_CD163_0.png,12.98,12.842328
606_TMA_IHC_TumorCenter_CD163_1.png,12.73,14.507575
606_TMA_IHC_TumorCenter_MHC1_0.png,0.2061,0.6654374
606_TMA_IHC_TumorCenter_MHC1_1.png,0.1877,0.92429465
606_TMA_IHC_TumorCenter_PDL1_0.png,14.47,6.851804
606_TMA_IHC_TumorCenter_PDL1_1.png,1.109,1.5661575
606_TMA_IHC_InvasionFront_CD3_0.png,1.367,1.1219336
606_TMA_IHC_InvasionFront_CD3_1.png,4.257,4.821006
606_TMA_IHC_InvasionFront_CD8_0.png,0.8249,1.018984
606_TMA_IHC_InvasionFront_CD8_1.png,4.548,5.407161
606_TMA_IHC_InvasionFront_CD56_0.png,2.533,2.3850152
606_TMA_IHC_InvasionFront_CD56_1.png,1.243,1.05281
606_TMA_IHC_InvasionFront_CD68_0.png,10.23,9.788193
606_TMA_IHC_InvasionFront_CD68_1.png,5.239,6.0534854
606_TMA_IHC_InvasionFront_CD163_0.png,12.87,12.489231
606_TMA_IHC_InvasionFront_CD163_1.png,6.088,6.9530606
606_TMA_IHC_InvasionFront_MHC1_0.png,2.399,2.9087164
606_TMA_IHC_InvasionFront_MHC1_1.png,12.18,8.540097
606_TMA_IHC_InvasionFront_PDL1_0.png,0.1884,4.1662846
606_TMA_IHC_InvasionFront_PDL1_1.png,18.91,19.450233
706_TMA_IHC_TumorCenter_CD3_0.png,25.8,16.822762
706_TMA_IHC_TumorCenter_CD3_1.png,12.19,13.241679
706_TMA_IHC_TumorCenter_CD8_0.png,11.92,10.284474
706_TMA_IHC_TumorCenter_CD8_1.png,11.77,9.636867
706_TMA_IHC_TumorCenter_CD56_0.png,7.538,9.54426
706_TMA_IHC_TumorCenter_CD56_1.png,12.91,10.826188
706_TMA_IHC_TumorCenter_CD68_0.png,12.98,10.5254345
706_TMA_IHC_TumorCenter_CD68_1.png,11.25,11.010045
706_TMA_IHC_TumorCenter_CD163_0.png,9.498,6.1903696
706_TMA_IHC_TumorCenter_CD163_1.png,6.873,6.0121913
706_TMA_IHC_TumorCenter_MHC1_0.png,0.2784,0.3742934
706_TMA_IHC_TumorCenter_MHC1_1.png,9.775,2.9296148
706_TMA_IHC_TumorCenter_PDL1_0.png,11.26,8.132507
706_TMA_IHC_TumorCenter_PDL1_1.png,4.909,6.543821
706_TMA_IHC_InvasionFront_CD3_0.png,3.9,7.6157823
706_TMA_IHC_InvasionFront_CD3_1.png,1.908,5.396191
706_TMA_IHC_InvasionFront_CD8_0.png,18.16,15.887525
706_TMA_IHC_InvasionFront_CD8_1.png,15.11,12.413245
706_TMA_IHC_InvasionFront_CD56_0.png,1.94,2.4566905
706_TMA_IHC_InvasionFront_CD56_1.png,3.383,4.6215396
706_TMA_IHC_InvasionFront_CD68_0.png,11.27,11.278388
706_TMA_IHC_InvasionFront_CD68_1.png,11.65,9.54968
706_TMA_IHC_InvasionFront_CD163_0.png,9.781,8.1128435
706_TMA_IHC_InvasionFront_CD163_1.png,7.481,5.485241
706_TMA_IHC_InvasionFront_MHC1_0.png,24.53,18.42281
706_TMA_IHC_InvasionFront_MHC1_1.png,18.58,9.945145
706_TMA_IHC_InvasionFront_PDL1_0.png,14.99,18.169321
706_TMA_IHC_InvasionFront_PDL1_1.png,21.57,18.278265
740_TMA_IHC_TumorCenter_CD3_0.png,1.358,1.2180293
740_TMA_IHC_TumorCenter_CD3_1.png,2.597,2.7357113
740_TMA_IHC_TumorCenter_CD8_0.png,0.4814,0.27193156
740_TMA_IHC_TumorCenter_CD8_1.png,0.4047,0.5292031
740_TMA_IHC_TumorCenter_CD56_0.png,0.1813,0.57812756
740_TMA_IHC_TumorCenter_CD56_1.png,0.3191,1.1228112
740_TMA_IHC_TumorCenter_CD68_0.png,3.833,5.1109767
740_TMA_IHC_TumorCenter_CD68_1.png,6.544,7.997584
740_TMA_IHC_TumorCenter_CD163_0.png,0.1753,0.20192704
740_TMA_IHC_TumorCenter_CD163_1.png,3.038,3.223582
740_TMA_IHC_TumorCenter_MHC1_0.png,0.0135,0.1657542
740_TMA_IHC_TumorCenter_MHC1_1.png,0.009,0.15238343
740_TMA_IHC_TumorCenter_PDL1_0.png,0.0303,0.5708448
740_TMA_IHC_TumorCenter_PDL1_1.png,0.0511,0.39171332
740_TMA_IHC_InvasionFront_CD3_0.png,1.61,2.420106
740_TMA_IHC_InvasionFront_CD3_1.png,2.429,3.3994262
740_TMA_IHC_InvasionFront_CD8_0.png,1.665,0.7945004
740_TMA_IHC_InvasionFront_CD8_1.png,1.768,1.5199945
740_TMA_IHC_InvasionFront_CD56_0.png,0.2539,0.3854215
740_TMA_IHC_InvasionFront_CD56_1.png,0.3633,0.6692136
740_TMA_IHC_InvasionFront_CD68_0.png,5.575,5.610153
740_TMA_IHC_InvasionFront_CD68_1.png,7.163,8.385582
740_TMA_IHC_InvasionFront_CD163_0.png,4.371,3.380846
740_TMA_IHC_InvasionFront_CD163_1.png,5.296,4.6311145
740_TMA_IHC_InvasionFront_MHC1_0.png,1.142,3.8573444
740_TMA_IHC_InvasionFront_MHC1_1.png,1.287,2.1915905
740_TMA_IHC_InvasionFront_PDL1_0.png,6.403,6.3002725
740_TMA_IHC_InvasionFront_PDL1_1.png,3.59,4.3653593
191_TMA_IHC_TumorCenter_CD3_0.png,58.98,46.878788
191_TMA_IHC_TumorCenter_CD3_1.png,49.73,37.540382
191_TMA_IHC_TumorCenter_CD8_0.png,14.68,14.23336
191_TMA_IHC_TumorCenter_CD8_1.png,10.49,10.749169
191_TMA_IHC_TumorCenter_CD56_0.png,6.145,4.2181535
191_TMA_IHC_TumorCenter_CD56_1.png,1.57,1.3518215
191_TMA_IHC_TumorCenter_CD68_0.png,14.4,13.682774
191_TMA_IHC_TumorCenter_CD68_1.png,6.326,5.9439254
191_TMA_IHC_TumorCenter_CD163_0.png,3.079,2.7613432
191_TMA_IHC_TumorCenter_CD163_1.png,0.815,0.92209685
191_TMA_IHC_TumorCenter_MHC1_0.png,0.3914,1.2892798
191_TMA_IHC_TumorCenter_MHC1_1.png,0.4056,1.145491
191_TMA_IHC_TumorCenter_PDL1_0.png,19.3,18.381351
191_TMA_IHC_TumorCenter_PDL1_1.png,6.798,7.701884
191_TMA_IHC_InvasionFront_CD3_0.png,14.09,13.475978
191_TMA_IHC_InvasionFront_CD3_1.png,12.66,18.252861
191_TMA_IHC_InvasionFront_CD8_0.png,16.29,16.800896
191_TMA_IHC_InvasionFront_CD8_1.png,24.0,23.050056
191_TMA_IHC_InvasionFront_CD56_0.png,1.641,1.3227278
191_TMA_IHC_InvasionFront_CD56_1.png,1.604,1.8464822
191_TMA_IHC_InvasionFront_CD68_0.png,7.406,8.722802
191_TMA_IHC_InvasionFront_CD68_1.png,5.994,7.8952503
191_TMA_IHC_InvasionFront_CD163_0.png,4.053,3.2348275
191_TMA_IHC_InvasionFront_CD163_1.png,2.022,2.8418267
191_TMA_IHC_InvasionFront_MHC1_0.png,23.91,21.630716
191_TMA_IHC_InvasionFront_MHC1_1.png,32.23,22.716978
191_TMA_IHC_InvasionFront_PDL1_0.png,17.27,20.749714
191_TMA_IHC_InvasionFront_PDL1_1.png,8.161,18.342491
085_TMA_IHC_TumorCenter_CD3_0.png,13.42,7.659652
085_TMA_IHC_TumorCenter_CD3_1.png,3.414,0.25020584
085_TMA_IHC_TumorCenter_CD8_0.png,3.767,3.701621
085_TMA_IHC_TumorCenter_CD8_1.png,0.204,0.19222485
085_TMA_IHC_TumorCenter_CD56_0.png,35.95,19.950104
085_TMA_IHC_TumorCenter_CD56_1.png,4.259,0.91823894
085_TMA_IHC_TumorCenter_CD68_0.png,33.15,23.140541
085_TMA_IHC_TumorCenter_CD68_1.png,1.314,0.25802895
085_TMA_IHC_TumorCenter_CD163_0.png,20.44,13.361642
085_TMA_IHC_TumorCenter_CD163_1.png,0.3947,0.2697965
085_TMA_IHC_TumorCenter_MHC1_0.png,0.3042,0.20551579
085_TMA_IHC_TumorCenter_MHC1_1.png,0.0138,0.22018336
085_TMA_IHC_TumorCenter_PDL1_0.png,4.75,2.4730535
085_TMA_IHC_TumorCenter_PDL1_1.png,0.0,0.30304804
085_TMA_IHC_InvasionFront_CD3_0.png,1.185,0.90046555
085_TMA_IHC_InvasionFront_CD3_1.png,0.0338,0.11023893
085_TMA_IHC_InvasionFront_CD8_0.png,1.633,0.7874566
085_TMA_IHC_InvasionFront_CD8_1.png,0.0398,0.13923892
085_TMA_IHC_InvasionFront_CD56_0.png,1.398,1.4962809
085_TMA_IHC_InvasionFront_CD56_1.png,0.4167,0.45182166
085_TMA_IHC_InvasionFront_CD68_0.png,5.635,6.732454
085_TMA_IHC_InvasionFront_CD68_1.png,0.145,0.16276307
085_TMA_IHC_InvasionFront_CD163_0.png,5.0,3.614223
085_TMA_IHC_InvasionFront_CD163_1.png,0.2141,0.118605785
085_TMA_IHC_InvasionFront_MHC1_0.png,2.026,1.1776532
085_TMA_IHC_InvasionFront_MHC1_1.png,0.3885,0.00073396415
085_TMA_IHC_InvasionFront_PDL1_0.png,4.752,6.644649
085_TMA_IHC_InvasionFront_PDL1_1.png,1.333,1.2377673
664_TMA_IHC_TumorCenter_CD3_0.png,60.76,46.947426
664_TMA_IHC_TumorCenter_CD3_1.png,30.19,30.73396
664_TMA_IHC_TumorCenter_CD8_0.png,20.3,20.226292
664_TMA_IHC_TumorCenter_CD8_1.png,10.21,10.448353
664_TMA_IHC_TumorCenter_CD56_0.png,4.956,1.3318914
664_TMA_IHC_TumorCenter_CD56_1.png,20.79,5.665648
664_TMA_IHC_TumorCenter_CD68_0.png,19.38,22.603731
664_TMA_IHC_TumorCenter_CD68_1.png,26.33,27.393581
664_TMA_IHC_TumorCenter_CD163_0.png,12.49,9.313346
664_TMA_IHC_TumorCenter_CD163_1.png,14.19,9.81137
664_TMA_IHC_TumorCenter_MHC1_0.png,0.1923,0.024449619
664_TMA_IHC_TumorCenter_MHC1_1.png,7.946,6.503649
664_TMA_IHC_TumorCenter_PDL1_0.png,0.2433,0.33734447
664_TMA_IHC_TumorCenter_PDL1_1.png,4.568,6.7644997
664_TMA_IHC_InvasionFront_CD3_0.png,15.13,18.644424
664_TMA_IHC_InvasionFront_CD3_1.png,20.82,21.258318
664_TMA_IHC_InvasionFront_CD8_0.png,16.44,17.502985
664_TMA_IHC_InvasionFront_CD8_1.png,18.19,20.090944
664_TMA_IHC_InvasionFront_CD56_0.png,0.3213,0.31385258
664_TMA_IHC_InvasionFront_CD56_1.png,0.7882,0.452917
664_TMA_IHC_InvasionFront_CD68_0.png,14.45,18.176998
664_TMA_IHC_InvasionFront_CD68_1.png,13.63,17.923841
664_TMA_IHC_InvasionFront_CD163_0.png,15.04,14.303847
664_TMA_IHC_InvasionFront_CD163_1.png,12.63,12.955202
664_TMA_IHC_InvasionFront_MHC1_0.png,8.991,15.128744
664_TMA_IHC_InvasionFront_MHC1_1.png,17.15,17.39375
664_TMA_IHC_InvasionFront_PDL1_0.png,23.5,19.34264
664_TMA_IHC_InvasionFront_PDL1_1.png,49.65,38.180923
407_TMA_IHC_TumorCenter_CD3_0.png,32.37,27.233809
407_TMA_IHC_TumorCenter_CD3_1.png,31.01,24.74627
407_TMA_IHC_TumorCenter_CD8_0.png,25.45,20.908989
407_TMA_IHC_TumorCenter_CD8_1.png,27.22,22.165668
407_TMA_IHC_TumorCenter_CD56_0.png,8.819,6.1798916
407_TMA_IHC_TumorCenter_CD56_1.png,3.218,1.3192117
407_TMA_IHC_TumorCenter_CD68_0.png,17.31,16.373627
407_TMA_IHC_TumorCenter_CD68_1.png,18.77,19.061737
407_TMA_IHC_TumorCenter_CD163_0.png,19.81,15.628465
407_TMA_IHC_TumorCenter_CD163_1.png,15.13,12.661962
407_TMA_IHC_TumorCenter_MHC1_0.png,0.1658,0.5145865
407_TMA_IHC_TumorCenter_MHC1_1.png,0.5827,0.6838538
407_TMA_IHC_TumorCenter_PDL1_0.png,14.48,16.995653
407_TMA_IHC_TumorCenter_PDL1_1.png,9.303,9.625126
407_TMA_IHC_InvasionFront_CD3_0.png,12.36,13.395685
407_TMA_IHC_InvasionFront_CD3_1.png,12.75,16.778053
407_TMA_IHC_InvasionFront_CD8_0.png,24.42,24.34507
407_TMA_IHC_InvasionFront_CD8_1.png,38.48,36.604176
407_TMA_IHC_InvasionFront_CD56_0.png,1.194,0.5875762
407_TMA_IHC_InvasionFront_CD56_1.png,1.144,0.753578
407_TMA_IHC_InvasionFront_CD68_0.png,14.91,15.593098
407_TMA_IHC_InvasionFront_CD68_1.png,20.06,20.690865
407_TMA_IHC_InvasionFront_CD163_0.png,22.64,18.957947
407_TMA_IHC_InvasionFront_CD163_1.png,25.95,20.474312
407_TMA_IHC_InvasionFront_MHC1_0.png,21.41,16.959244
407_TMA_IHC_InvasionFront_MHC1_1.png,29.56,21.216953
407_TMA_IHC_InvasionFront_PDL1_0.png,33.35,25.245369
407_TMA_IHC_InvasionFront_PDL1_1.png,44.77,33.507236
732_TMA_IHC_TumorCenter_CD3_0.png,18.85,17.305376
732_TMA_IHC_TumorCenter_CD3_1.png,2.813,6.336949
732_TMA_IHC_TumorCenter_CD8_0.png,7.956,7.6178255
732_TMA_IHC_TumorCenter_CD8_1.png,1.519,2.0251348
732_TMA_IHC_TumorCenter_CD56_0.png,9.411,3.2248333
732_TMA_IHC_TumorCenter_CD56_1.png,28.48,11.400817
732_TMA_IHC_TumorCenter_CD68_0.png,17.16,14.457977
732_TMA_IHC_TumorCenter_CD68_1.png,5.33,5.8055997
732_TMA_IHC_TumorCenter_CD163_0.png,11.13,10.132457
732_TMA_IHC_TumorCenter_CD163_1.png,3.186,4.016177
732_TMA_IHC_TumorCenter_MHC1_0.png,10.37,12.318309
732_TMA_IHC_TumorCenter_MHC1_1.png,39.8,31.173712
732_TMA_IHC_TumorCenter_PDL1_0.png,1.304,1.1095335
732_TMA_IHC_TumorCenter_PDL1_1.png,0.3504,0.8358106
732_TMA_IHC_InvasionFront_CD3_0.png,2.855,5.0969114
732_TMA_IHC_InvasionFront_CD3_1.png,2.839,5.284597
732_TMA_IHC_InvasionFront_CD8_0.png,3.569,3.5980422
732_TMA_IHC_InvasionFront_CD8_1.png,2.438,3.2167265
732_TMA_IHC_InvasionFront_CD56_0.png,2.442,1.7956102
732_TMA_IHC_InvasionFront_CD56_1.png,2.93,3.2038233
732_TMA_IHC_InvasionFront_CD68_0.png,10.72,11.756516
732_TMA_IHC_InvasionFront_CD68_1.png,10.81,11.825319
732_TMA_IHC_InvasionFront_CD163_0.png,13.61,12.2064905
732_TMA_IHC_InvasionFront_CD163_1.png,17.69,14.524926
732_TMA_IHC_InvasionFront_MHC1_0.png,23.76,28.762608
732_TMA_IHC_InvasionFront_MHC1_1.png,39.87,34.11753
732_TMA_IHC_InvasionFront_PDL1_0.png,13.33,14.371068
732_TMA_IHC_InvasionFront_PDL1_1.png,17.31,12.7256
